"category","subcategory","ID","Description","GeneRatio","BgRatio","RichFactor","FoldEnrichment","zScore","pvalue","p.adjust","qvalue","geneID","Count"
"Human Diseases","Neurodegenerative disease","mmu05020","Prion disease - Mus musculus (house mouse)","162/2591","273/9787",0.593406593406593,2.2414783209843,12.4833062486664,4.34042205789815e-31,1.46706265556957e-28,8.58946680931423e-29,"12859/66495/227197/12912/22145/70247/67273/226519/66052/226646/11949/69379/18128/14828/15139/68375/19177/228033/68349/19182/20192/16175/19122/12995/67126/26444/56436/18706/66046/19185/11950/19055/230075/12913/242443/110382/230558/66576/595136/12262/12259/67680/12371/12861/19353/20422/17992/12389/68202/68198/13063/16438/12288/53857/66108/16439/232943/23996/12865/110323/14814/67003/70316/12862/23997/12869/11739/67184/18709/66916/18747/17463/12857/15481/66925/26441/12858/12866/22273/170483/66043/75406/66594/208677/66414/13198/11947/66152/26420/22333/22272/69077/11951/22123/19184/71679/13665/19179/102631912/16593/20191/66694/22151/67530/407785/66945/12867/18708/17993/19056/22334/12289/67089/19057/12274/12279/12864/66445/11911/67130/29857/21762/68194/100041273/100042503/56637/11957/20655/28080/19170/68342/78330/66416/12915/15482/22154/72900/16573/17991/67951/11946/225887/17995/16594/12015/20867/104130/11740/66142/17716/17717/17708/17709/17706/17705/17710/17718/17720/17719/17721/17722/17711",162
"Human Diseases","Neurodegenerative disease","mmu05012","Parkinson disease - Mus musculus (house mouse)","161/2591","274/9787",0.587591240875912,2.2195119546324,12.2855139636821,3.32992855422063e-30,5.62757925663287e-28,3.29487667470252e-28,"12859/66495/227197/22145/70247/67273/226641/66052/226646/11949/14828/68375/19177/228033/18024/68349/19182/68427/20192/12048/18803/14683/67126/26444/56436/67414/66046/30791/19185/11950/230075/66576/595136/68943/67680/12371/170731/57320/12861/22190/20422/17992/68202/68198/13063/64704/16438/53857/66108/16439/12315/232943/23996/12865/110323/67003/70316/12862/23997/12869/11739/67184/66916/18747/17463/12857/50868/66925/26441/12858/12866/14678/22273/26408/66043/75406/66594/66414/13198/11947/72002/66152/22433/78294/26420/22333/22272/22187/67128/69077/11951/22123/17762/19184/71679/13665/19179/12313/102631912/16593/66694/22151/67530/407785/66945/12867/17993/22334/67089/213053/12864/66445/72027/56551/11911/67130/68015/21762/224129/68194/100041273/100042503/11957/20655/28080/19170/68342/19252/78330/66416/13163/22154/72900/12314/16573/17991/12322/14680/67951/11946/225887/17995/16594/214084/104130/22201/11740/66142/17716/17717/17708/17709/17706/17705/17710/17718/17720/17719/17721/17722/17711",161
"Organismal Systems","Environmental adaptation","mmu04714","Thermogenesis - Mus musculus (house mouse)","143/2591","238/9787",0.600840336134454,2.26955784243454,11.897419071158,2.4784363278515e-28,2.79237159604603e-26,1.63489834960029e-26,"12859/76178/66495/227197/12912/241113/67273/66052/226646/66359/11949/64930/68375/228033/68349/14683/67126/56456/66046/18160/11950/68493/230075/12913/20104/108079/12896/66576/595136/93760/99982/67680/230899/66993/19744/19017/11958/12861/11461/57423/17992/68202/68198/23945/66108/16653/16890/12865/110323/67605/67003/70316/12862/12869/15461/66853/14081/67184/66916/18747/11513/12857/67892/20586/27425/66925/12858/12866/66706/57279/22273/20588/26408/20587/66043/75406/66594/208677/66414/11947/68094/66152/22272/216739/72508/69802/11951/57376/71679/208501/104111/102631912/66694/67530/407785/66945/12867/17993/12864/66445/67130/29857/11512/83797/11515/224129/68194/100041273/100042503/12856/11957/28080/239985/22084/68342/78330/66416/72900/17991/11946/12894/225887/17995/58988/67155/19091/226139/433256/104130/66142/17716/17717/17708/17709/17706/17705/17710/17718/17720/17719/17721/17722/17711",143
"Metabolism","Energy metabolism","mmu00190","Oxidative phosphorylation - Mus musculus (house mouse)","98/2591","141/9787",0.695035460992908,2.62536165833176,11.6647832437319,7.33473713553792e-27,6.19785287952954e-25,3.62876468810824e-25,"12859/66495/227197/67273/66052/226646/11949/68375/228033/68349/67126/66046/11950/74776/230075/66290/66576/595136/67680/11958/12861/57423/17992/68202/68198/13063/11973/66108/12865/110323/67003/70316/12862/12869/67184/66916/12857/27425/66925/12858/12866/22273/67895/66043/75406/66594/66414/11947/66152/22272/69802/11951/11975/71679/68775/73834/102631912/66694/67530/407785/66945/12867/17993/12864/66445/67130/68194/100041273/100042503/12856/11957/28080/68342/78330/66416/66237/72900/17991/11946/225887/17995/226139/104130/54411/66142/17716/17717/17708/17709/17706/17705/17710/17718/17720/17719/17721/17722/17711",98
"Human Diseases","Cardiovascular disease","mmu05415","Diabetic cardiomyopathy - Mus musculus (house mouse)","130/2591","217/9787",0.599078341013825,2.26290224758869,11.2884514391677,1.13190739784311e-25,7.65169400941945e-24,4.4799703325159e-24,"12859/12825/66495/227197/16367/67273/70456/66052/226646/23797/21808/11949/68375/228033/68349/18798/67126/18706/66046/11950/230075/12896/66576/595136/67680/18762/12491/18127/19046/12861/11938/19353/27273/17992/68202/68198/14433/66108/21954/11652/12865/110323/14936/67003/70316/11937/12862/12869/13033/16337/14782/11739/67184/18709/66916/12857/11606/66925/12858/17127/12866/22273/21813/18821/66043/75406/66594/66414/11947/66152/26420/22333/22272/12842/18604/11951/18750/71679/102631912/11651/20191/66694/67530/407785/66945/12867/18708/17993/68263/22334/12864/66445/67130/29857/68194/100041273/100042503/56637/11957/28080/55951/68342/78330/66416/72900/17991/12322/11946/225887/17995/19045/19697/104130/11740/14381/66142/18597/17716/17717/17708/17709/17706/17705/17710/17718/17720/17719/17721/17722/17711",130
"Human Diseases","Neurodegenerative disease","mmu05014","Amyotrophic lateral sclerosis - Mus musculus (house mouse)","188/2591","375/9787",0.501333333333333,1.8936894377975,10.5889289597903,1.84772273325945e-23,1.04088380640283e-21,6.09424340092592e-22,"12859/226977/66495/227197/22145/70247/67273/108989/226641/66052/641376/226646/56009/240960/71648/11949/227699/227720/14828/68375/19177/228033/68349/19182/12359/214585/12048/66734/56491/67126/26444/56436/66046/18645/94232/19185/11950/19055/230075/68922/53598/269523/433702/66576/595136/75563/68943/67680/12371/230908/269113/12861/20239/107939/11461/19353/20422/17992/68202/68198/13063/53379/13191/110379/53857/21937/66108/232943/53333/23996/12865/110323/14814/381917/67003/70316/233871/233908/12862/23997/12869/67184/17274/66916/17463/12857/67443/234865/66925/26441/83961/12858/12866/14775/22273/26408/19386/103172/66043/75406/66594/66414/69654/13198/11947/66152/22433/19324/18412/22333/22272/14778/237782/327954/18643/19069/69077/11951/22123/56208/19184/52639/71679/445007/69926/13665/19179/102631912/16593/13411/66694/22151/56085/67530/407785/66945/12867/17993/19056/11744/67089/11727/19057/12864/66445/11911/67130/29857/15382/21762/68194/100041273/100042503/11957/20655/28080/19170/68342/78330/66416/13163/22154/271457/72900/16573/17991/67665/67951/11946/225887/17995/16594/12015/104130/66142/17716/17717/17708/17709/17706/17705/17710/17718/17720/17719/17721/17722/17711",188
"Human Diseases","Cancer: overview","mmu05208","Chemical carcinogenesis - reactive oxygen species - Mus musculus (house mouse)","131/2591","229/9787",0.572052401746725,2.16081700343311,10.665684282652,3.03348678065804e-23,1.46474075980345e-21,8.57587240246183e-22,"14859/12859/66495/227197/67273/66447/66052/226646/23797/11949/11350/68375/228033/18024/68349/12359/67126/18706/66046/11863/11950/14862/230075/16476/66576/595136/67680/231583/12861/19247/19353/17992/17295/68202/68198/109880/110157/66108/56615/16653/13107/11652/12865/110323/67003/70316/12862/13106/12869/15461/11739/67184/18709/66916/12857/50868/66925/12858/13077/12866/171429/22273/26408/56484/14872/66043/75406/66594/26396/66414/11947/66152/13649/26420/22333/22272/11951/71679/11431/15251/102631912/11651/66694/67530/407785/66945/12867/18708/17993/22334/13850/12864/66445/67130/29857/68194/100041273/100042503/11957/20655/28080/20656/68342/78330/66416/22339/72900/75292/17991/11946/225887/17995/19697/12015/104130/11740/66142/237038/17716/17717/17708/17709/17706/17705/17710/17718/17720/17719/17721/17722/17711",131
"Human Diseases","Neurodegenerative disease","mmu05010","Alzheimer disease - Mus musculus (house mouse)","191/2591","389/9787",0.491002570694087,1.85466698548168,10.3215457835759,1.85808547261936e-22,7.85041112181681e-21,4.59631669542685e-21,"12859/66495/227197/22145/16367/70247/67273/226641/66052/226646/59287/23797/19165/12334/11949/68375/19177/228033/68349/19182/68427/20192/16175/18798/12995/67126/26444/56436/18706/66046/30791/19185/226548/22414/11950/12977/19055/230075/66576/595136/67680/12371/13542/12861/11938/20422/17992/68202/68198/109880/13063/16438/110157/12288/53857/14433/21937/66108/16653/16439/12315/232943/11816/11652/23996/12865/110323/14814/22411/67003/70316/11937/12862/23997/12869/15461/14082/16337/384783/11739/16956/67184/18709/66916/17463/12857/23821/66925/26441/12858/12866/22273/12387/26408/66043/75406/23805/66594/26396/66414/13198/16971/11947/72002/66152/22433/68585/26420/22333/22272/13543/69077/11951/22123/56208/17762/19184/52639/71679/11491/13665/19179/12313/102631912/16593/11651/66694/22151/67530/407785/66945/12867/18708/17993/19056/22334/12289/67089/19057/213053/12864/66445/72027/27373/11911/67130/13544/21762/68194/100041273/100042503/56637/11957/11820/28080/19170/68342/78330/66416/22154/72900/12314/16573/17991/93687/67951/11946/225887/17995/16594/19697/12015/20168/104130/11740/66142/237038/15108/17716/17717/17708/17709/17706/17705/17710/17718/17720/17719/17721/17722/17711",191
"Human Diseases","Neurodegenerative disease","mmu05022","Pathways of neurodegeneration - multiple diseases - Mus musculus (house mouse)","224/2591","481/9787",0.465696465696466,1.75907808173343,10.2439676985682,2.24670697208539e-22,8.43763285072068e-21,4.94012761113512e-21,"12859/226977/66495/227197/22145/70247/67273/226641/66052/641376/226646/19165/240960/12334/71648/11949/14828/68375/19177/228033/68349/19182/12359/20192/214585/16175/19122/18798/12995/12048/66734/18803/56491/67126/26444/56436/67414/66046/19185/22414/11950/12977/19055/230075/68922/53598/269523/66576/595136/75563/68943/67680/12371/170731/230908/57320/13542/12861/20239/11938/22190/19353/20422/17992/68202/68198/109880/13063/64704/13191/16438/110157/12288/53857/21937/66108/16653/16439/12315/232943/53333/23996/12865/110323/14814/22411/381917/67003/70316/11937/233871/233908/12862/23997/12869/15461/14082/11739/67184/17274/66916/17463/12857/67443/66925/26441/12858/12866/14775/22273/12387/26408/66043/75406/23805/66594/26396/66414/69654/13198/11947/66152/22433/19324/78294/26420/18412/22333/22272/14778/237782/22187/327954/13543/67128/69077/11951/22123/56208/17762/19184/18750/52639/71679/69926/13665/19179/12313/102631912/16593/13411/20191/66694/22151/20238/67530/407785/66945/12867/17993/19056/22334/12289/67089/19057/12864/66445/27373/11911/67130/29857/68015/13544/21762/68194/100041273/100042503/56637/11957/11820/20655/28080/19170/68342/12018/78330/66416/13163/22154/271457/72900/12314/16573/17991/67665/12322/93687/67951/11946/225887/17995/20743/16594/19697/12015/104130/22201/11740/66142/237038/15108/17716/17717/17708/17709/17706/17705/17710/17718/17720/17719/17721/17722/17711",224
"Human Diseases","Neurodegenerative disease","mmu05016","Huntington disease - Mus musculus (house mouse)","160/2591","308/9787",0.519480519480519,1.96223691399299,10.2959599624584,4.01695169593563e-22,1.35772967322624e-20,7.9493359877463e-21,"12859/226977/66495/227197/12912/22145/70247/67273/66052/226646/240960/11949/68375/19177/228033/68349/19182/18798/21817/67126/26444/56436/66046/19185/11950/230075/68922/53598/12913/12757/66576/595136/75563/433759/67680/12371/19017/231329/12861/20422/17992/68202/68198/13063/13191/16438/53857/66108/232943/23996/12865/69920/110323/11771/381917/67003/70316/12862/23997/12869/66491/11739/67184/66916/20021/17463/12857/66925/26441/20466/12858/12866/14775/22273/26408/237336/15182/66043/75406/66594/208677/66414/69654/11947/66152/26420/22333/22272/14778/327954/69077/71770/67300/11951/22123/56208/19184/52639/71679/69926/19179/102631912/16593/13411/66694/22151/74325/67530/407785/66945/12867/17993/22334/67089/12864/66445/69833/328572/67130/12914/11773/21762/68194/100041273/100042503/11957/20655/28080/20656/19170/21374/68342/78330/66416/22154/72900/16573/17991/67665/67951/11946/225887/17995/16594/104130/11740/66142/17716/17717/17708/17709/17706/17705/17710/17718/17720/17719/17721/17722/17711",160
"Metabolism","Global and overview maps","mmu01200","Carbon metabolism - Mus musculus (house mouse)","82/2591","122/9787",0.672131147540984,2.53884505634257,10.262770441842,3.41553841185644e-21,1.04950180291589e-19,6.1447006835312e-20,"227095/15926/66646/227231/66052/14194/12359/170718/68738/60525/18770/11532/11428/230163/67680/100198/13806/80911/11409/231691/100678/17448/56451/15277/20917/21991/14433/14751/269951/109264/11674/93747/21351/66171/108682/14719/68133/66925/235339/110446/67834/18746/17436/66904/235582/434437/15275/108037/12974/56012/103988/18293/17449/20425/13808/11430/13382/104776/78920/56421/14121/66945/68263/21881/14661/20916/13885/110821/76282/11429/18642/224530/110460/17850/18563/225913/14718/19733/15929/14381/18655/18597",82
"Human Diseases","Endocrine and metabolic disease","mmu04932","Non-alcoholic fatty liver disease - Mus musculus (house mouse)","99/2591","162/9787",0.611111111111111,2.30835370298898,10.0756492587998,1.03389703292787e-20,2.91214330941351e-19,1.70502317710912e-19,"12859/66495/227197/241113/16367/67273/72674/66052/226646/23797/20181/68375/68349/22259/16175/18706/66046/18770/16194/230075/16476/108079/66576/595136/67680/12861/19353/17992/68202/68198/13063/68465/21937/66108/606496/11652/12865/110323/12606/67003/70316/12862/13106/12869/16337/384783/67184/18709/66916/12857/66925/12858/12866/22273/26408/75406/66594/66414/13198/66152/22433/26420/22272/20787/21428/13665/102631912/11651/66694/67530/407785/66945/12867/18708/17993/12864/66445/11911/67130/29857/68194/100041273/100042503/56637/68342/78330/66416/72900/17991/225887/17995/19697/26403/104130/66142/17708/17709/17710/17711",99
"Genetic Information Processing","Folding, sorting and degradation","mmu04141","Protein processing in endoplasmic reticulum - Mus musculus (house mouse)","89/2591","175/9787",0.508571428571429,1.92102993879914,7.37694636118762,3.65954477362804e-12,9.51481641143291e-11,5.57080499953095e-11,"72265/320011/56812/67812/226418/226641/12334/13418/14828/18024/14827/81910/20014/13002/69276/18415/67437/94232/69608/66105/15502/12017/269523/19359/13200/50762/50907/69162/73318/67397/15505/26965/12304/110379/75744/108159/19358/12317/56445/23802/64209/19089/15481/12282/12955/26408/140740/56709/216080/216197/22027/216440/13198/22433/26420/12330/21402/116891/67128/18453/71853/13665/20338/15519/67475/107513/105245/56085/59007/218811/100037258/66435/223455/11911/22230/67838/56424/12018/12915/15482/15516/66530/81500/70361/74126/225896/14376/20832/67075",89
"Metabolism","Carbohydrate metabolism","mmu00020","Citrate cycle (TCA cycle) - Mus musculus (house mouse)","27/2591","32/9787",0.84375,3.18710198764956,7.43568738132546,1.10361423758288e-11,2.66444008787867e-10,1.55999606515475e-10,"15926/66052/14194/170718/18534/11428/67680/17448/56451/20917/269951/66925/235339/67834/12974/18293/17449/104112/13382/78920/66945/68263/20916/11429/18563/15929/18597",27
"Metabolism","Amino acid metabolism","mmu00280","Valine, leucine and isoleucine degradation - Mus musculus (house mouse)","39/2591","57/9787",0.684210526315789,2.58447256698288,7.19873964675782,3.88208707051503e-11,8.74763619889388e-10,5.12163066145141e-10,"227095/71724/56752/56357/72039/15360/13171/15107/11364/15356/97212/231086/11409/11669/58875/12039/14204/100328588/12036/66885/93747/110446/66904/235674/113868/13382/104776/78038/208715/110821/67041/268782/268860/224530/110460/17850/110695/52538/15108",39
"Cellular Processes","Transport and catabolism","mmu04137","Mitophagy - animal - Mus musculus (house mouse)","58/2591","101/9787",0.574257425742574,2.16914605393384,7.08676379192115,4.17986455560367e-11,8.82996387371276e-10,5.1698324766677e-10,"641376/71648/53375/84092/12995/12048/66734/67414/17827/269523/16476/68943/170731/213948/100756/22190/52440/19349/94044/12034/57436/16653/53333/233204/66922/12176/15461/14232/20437/23802/67443/270151/23806/56484/14479/19344/78294/26420/18412/22187/56486/59040/19345/56208/17966/66313/75266/15251/13665/11911/68653/74143/28185/214952/271457/19697/69104/59026",58
"Organismal Systems","Circulatory system","mmu04260","Cardiac muscle contraction - Mus musculus (house mouse)","52/2591","89/9787",0.584269662921348,2.20696533809774,6.86340214981565,1.77398936036402e-10,3.45940362026702e-09,2.02543718657801e-09,"12859/21956/11931/98660/12296/12298/11464/11928/12373/65973/66576/12293/12861/17906/11938/12288/21954/12865/110323/15464/67003/11937/12862/12869/326618/12857/12858/22003/12866/22273/17897/76757/66594/66152/22272/20191/66694/67530/12867/12294/12289/21924/17888/140781/12864/66445/20541/66142/17708/17709/17710/17711",52
"Metabolism","Carbohydrate metabolism","mmu00620","Pyruvate metabolism - Mus musculus (house mouse)","32/2591","44/9787",0.727272727272727,2.74713167959019,6.96941555619773,1.84228595162149e-10,3.45940362026702e-09,2.02543718657801e-09,"56752/14194/68738/60525/18534/18770/11529/11522/11532/76238/100705/11669/17448/16832/16828/109264/235339/110446/18746/17436/17449/75572/13382/74156/68263/224530/110460/14651/109801/110695/18563/18597",32
NA,NA,"mmu04820","Cytoskeleton in muscle cells - Mus musculus (house mouse)","104/2591","232/9787",0.448275862068966,1.69327513009223,6.41246492505773,8.54724581859137e-10,1.5205100456231e-08,8.90239453681539e-09,"14200/12825/14268/13346/12828/53311/21956/11931/98660/22352/74103/20740/17996/241431/22138/16401/17868/11464/640524/14118/668940/20971/16905/11928/12340/109674/59006/118449/109676/56376/21894/21916/373864/12840/20970/433766/15530/12345/13806/58522/24051/17906/11461/93677/68794/22793/74122/320502/16651/21954/12715/71960/13009/11717/12826/12827/17930/326618/11459/16412/53867/22003/13138/17897/22437/64009/16773/12834/13179/16404/20742/380698/77579/13808/12842/21393/16480/16399/20969/208846/319565/70435/11472/109620/18074/22330/21924/24131/17888/140781/15529/18810/17886/223697/17880/16419/76441/17929/13511/13367/20743/107765/18175/13405",104
"Metabolism","Carbohydrate metabolism","mmu00630","Glyoxylate and dicarboxylate metabolism - Mus musculus (house mouse)","25/2591","32/9787",0.78125,2.95102035893477,6.63305943004103,1.49970309430926e-09,2.53449822938265e-08,1.48391674594811e-08,"14645/12359/68738/60525/11428/76238/68180/17448/68133/110446/66904/235582/434437/108037/12974/17449/20425/71562/13382/110821/11429/224530/110460/17850/67432",25
"Environmental Information Processing","Signal transduction","mmu04152","AMPK signaling pathway - Mus musculus (house mouse)","65/2591","127/9787",0.511811023622047,1.93326688081396,6.35199117836078,2.1390992860295e-09,3.44293123179987e-08,2.01579281089497e-08,"12912/241113/16367/12283/18640/72674/23797/226849/64930/68365/15378/18534/18706/12428/59021/12913/108079/12491/19744/269643/19017/100705/207565/68465/16890/11652/67605/14936/12443/16337/15568/384783/19053/18709/17274/56690/73699/235542/19054/56484/93759/20869/208677/13629/16000/19052/20787/72508/19325/59032/26931/11651/56421/14121/15357/18708/11549/18642/22084/19326/21770/12894/58988/20249/18639",65
"Metabolism","Global and overview maps","mmu01230","Biosynthesis of amino acids - Mus musculus (house mouse)","46/2591","79/9787",0.582278481012658,2.1994440346086,6.42272586031133,2.33095970443188e-09,3.58120172771808e-08,2.09674844226409e-08,"15926/66646/227231/14645/11898/170718/18770/11428/230163/13806/231691/100678/109900/232087/21991/14433/12036/269951/11674/21351/108682/14719/67834/18746/11846/18478/108037/12974/56012/20425/13808/217214/11847/56421/238505/21881/11720/76282/11429/18642/12411/18563/14718/18416/15929/18655",46
"Metabolism","Carbohydrate metabolism","mmu00640","Propanoate metabolism - Mus musculus (house mouse)","24/2591","31/9787",0.774193548387097,2.92436598149923,6.43907312116864,4.47127492949754e-09,6.57083011378334e-08,3.84713815444182e-08,"227095/68738/60525/13171/97212/80911/100705/11409/56451/20917/16832/12039/16828/93747/56690/66904/52665/11430/13382/104776/20916/110821/268860/17850",24
"Metabolism","Amino acid metabolism","mmu00310","Lysine degradation - Mus musculus (house mouse)","39/2591","64/9787",0.609375,2.30179587996912,6.26936379706649,6.42571541536084e-09,9.04954920996652e-08,5.29839692143789e-08,"56752/64707/73251/192195/84505/15107/110593/18822/69188/231051/97212/107823/11669/208043/67956/26433/12180/233904/93747/234135/23923/270076/214162/110446/26432/235626/208266/72947/19193/14055/13382/78920/18193/381022/224530/110460/110147/110695/225888",39
"Organismal Systems","Immune system","mmu04610","Complement and coagulation cascades - Mus musculus (house mouse)","51/2591","94/9787",0.542553191489362,2.04938945777938,6.13426102649223,9.08067765808636e-09,1.22770761937328e-07,7.18807326197994e-08,"12269/14060/545366/12628/11905/14067/17221/69379/15139/12258/14061/12509/99571/14161/110135/12630/110382/230558/12262/12259/17175/50909/50908/14068/14058/109821/18816/22370/20701/20703/20700/20702/20704/17194/12759/56373/12274/12279/15160/385643/16644/16415/18815/12268/625018/14962/12263/12266/19123/17195/14071",51
"Metabolism","Global and overview maps","mmu01212","Fatty acid metabolism - Mus musculus (house mouse)","37/2591","62/9787",0.596774193548387,2.25419877740566,5.94440167259679,3.47586127992218e-08,4.51861966389884e-07,2.64559482034563e-07,"11363/15107/11364/12896/20280/19063/97212/231086/80911/11409/66885/93747/14081/106529/110446/57874/68801/235674/113868/216739/11370/11430/54326/71147/109729085/224530/110460/54397/78625/15488/52538/12894/56473/76267/20249/12686/433256",37
"Metabolism","Global and overview maps","mmu01210","2-Oxocarboxylic acid metabolism - Mus musculus (house mouse)","24/2591","34/9787",0.705882352941177,2.66633368901401,5.84013728171512,9.35321996561396e-08,1.17088457347316e-06,6.85538149526481e-07,"15926/170718/13171/11428/12039/12036/269951/23923/108682/14719/235339/67834/12974/18293/217214/13382/78920/68263/268782/76282/11429/14718/15929/18597",24
"Metabolism","Lipid metabolism","mmu00071","Fatty acid degradation - Mus musculus (house mouse)","32/2591","52/9787",0.615384615384615,2.32449603657631,5.74612529768821,1.06330902293897e-07,1.28356589197633e-06,7.51511640272657e-07,"11363/56752/15107/11529/11522/11532/11364/12896/97212/231086/80911/11409/11669/66885/93747/14081/270076/110446/235674/113868/216739/11370/11430/23986/224530/110460/13177/78625/110695/52538/12894/433256",32
"Organismal Systems","Digestive system","mmu04979","Cholesterol metabolism - Mus musculus (house mouse)","31/2591","50/9787",0.62,2.34192975685064,5.70811790750346,1.31678963814537e-07,1.53474102652805e-06,8.98571513507548e-07,"104086/11807/27413/18830/56491/320024/20661/11303/30924/100102/12491/16976/11812/11816/20845/16956/16816/16835/11806/11814/11808/15450/16971/22333/11818/238055/67963/22334/12684/67470/18145",31
"Organismal Systems","Aging","mmu04213","Longevity regulating pathway - multiple species - Mus musculus (house mouse)","35/2591","61/9787",0.573770491803279,2.16730675541439,5.4874871798276,3.15812777644964e-07,3.55815729479993e-06,2.08325621744748e-06,"241113/16367/23797/12359/18706/108079/433759/16653/11652/67605/20480/15461/16337/384783/18709/18747/11513/15481/12955/15182/56484/13688/93759/16000/72508/104111/11651/18708/11512/11515/224129/20655/20656/15482/58988",35
"Organismal Systems","Endocrine system","mmu04919","Thyroid hormone signaling pathway - Mus musculus (house mouse)","57/2591","120/9787",0.475,1.79422037823234,5.25262655155526,5.5435371157807e-07,6.04424369398025e-06,3.53882844742537e-06,"17978/18802/18640/11931/98660/23797/18128/20181/18798/18803/18706/329650/11928/13370/433759/12371/19744/11938/11461/110157/16653/11652/11937/15461/12443/18709/18747/20466/12387/15182/18821/26396/20185/327987/19014/21833/18750/17977/15251/11651/56421/18708/17888/140781/328572/18642/12914/56637/54720/22084/18131/20182/53901/18519/12015/26896/20502",57
"Organismal Systems","Endocrine system","mmu04910","Insulin signaling pathway - Mus musculus (house mouse)","64/2591","140/9787",0.457142857142857,1.72676848431383,5.19702372804495,6.42294366546041e-07,6.78423424664256e-06,3.97208358258736e-06,"241113/16367/26987/23797/64930/107746/271849/110078/18534/18706/18770/20416/13684/20104/108079/18762/19744/19046/19017/100705/18682/140491/109880/15277/110157/16653/12315/16890/11652/14936/16332/18576/68961/212111/15461/16337/384783/18709/18747/19087/15275/17347/26396/103988/26420/20787/72508/19084/110095/12313/11651/14121/18708/56637/22084/14251/104215/12314/58988/19045/19309/12015/53412/20411",64
"Cellular Processes","Transport and catabolism","mmu04140","Autophagy - animal - Mus musculus (house mouse)","73/2591","167/9787",0.437125748502994,1.65115773855608,5.09269468864985,9.20517943474853e-07,9.42833529983334e-06,5.52017139946642e-06,"12633/16367/23797/71648/64930/70231/12048/66734/68728/18706/56790/54673/52187/108079/213948/19744/72145/207565/22190/52440/22320/19349/16438/74244/110157/57436/16653/11652/67605/73683/66922/12176/22264/15461/13033/384783/16783/19053/18709/17274/18747/67443/235040/74498/20869/26396/13144/56418/19324/78294/26420/18412/19052/237782/22187/56486/72508/56208/17966/353047/52639/15251/13665/11651/13039/18708/13030/97998/67841/22084/58988/12015/16784",73
"Cellular Processes","Transport and catabolism","mmu04146","Peroxisome - Mus musculus (house mouse)","44/2591","87/9787",0.505747126436782,1.91036168523226,5.11774290821822,1.28027894206158e-06,1.27274788946122e-05,7.45177836246371e-06,"15926/111175/19298/16922/12908/12359/26458/170789/19299/12012/20280/18477/15356/56273/71382/74114/17527/80911/74043/330450/51798/110959/269951/69129/14081/67528/56690/14712/235674/113868/56535/216739/19193/103737/11430/23986/28200/13850/20655/20656/224824/15488/54683/433256",44
"Organismal Systems","Aging","mmu04211","Longevity regulating pathway - Mus musculus (house mouse)","45/2591","90/9787",0.5,1.88865302971826,5.08189301157219,1.4637073365316e-06,1.41352308499338e-05,8.27599937647944e-06,"12912/241113/16367/26987/72674/23797/64930/12359/18706/13684/12913/108079/19744/19017/207565/68465/16653/11652/67605/15461/16337/384783/18709/18747/11513/56484/93759/20869/208677/16000/72508/104111/11651/18708/72993/11911/11512/11515/224129/20656/22084/12915/110147/58988/19697",45
"Human Diseases","Infectious disease: bacterial","mmu05132","Salmonella infection - Mus musculus (house mouse)","100/2591","252/9787",0.396825396825397,1.49893097596687,4.81472098193869,2.5274423799629e-06,2.37298756785405e-05,1.38935429073984e-05,"226977/22145/74117/23797/170760/11308/74192/50884/67068/140579/110750/18706/18645/622434/16649/53598/16476/69582/56455/17906/11461/19353/11867/73178/27205/13063/21415/13191/19349/67166/110157/53857/17113/14433/21937/232943/11652/20430/27050/18704/15461/14082/320795/234663/234686/13430/117149/71999/17920/11848/12387/17281/68652/26396/22027/69654/19344/66713/76884/26420/21402/11840/18643/68097/19345/353047/19157/11852/19878/11845/13424/15519/16593/11651/19766/22151/170625/105504/56532/16648/21933/56551/29857/266632/16646/100310872/12018/22154/15516/271457/67268/268973/16573/67665/67951/16594/19697/66395/21416/192176",100
"Metabolism","Amino acid metabolism","mmu00220","Arginine biosynthesis - Mus musculus (house mouse)","16/2591","21/9787",0.761904761904762,2.87794747385639,5.16922532270514,2.76283218554014e-06,2.50674137337878e-05,1.46766545685211e-05,"14660/227231/14645/11898/18127/109900/108682/14719/11846/216456/217214/11847/14661/76282/14718/18416",16
"Organismal Systems","Endocrine system","mmu03320","PPAR signaling pathway - Mus musculus (house mouse)","44/2591","89/9787",0.49438202247191,1.86743220915962,4.93264876897682,2.81822994640218e-06,2.50674137337878e-05,1.46766545685211e-05,"11363/104086/13167/11807/20181/22259/26458/18830/18534/11770/15360/11364/11520/12896/20280/14077/12491/80911/22190/14080/26459/109264/16202/14081/16956/11806/11814/66113/17436/235674/113868/13124/216739/11430/208715/20182/57435/66968/78625/12894/56473/20411/20249/433256",44
"Environmental Information Processing","Signal transduction","mmu04022","cGMP-PKG signaling pathway - Mus musculus (house mouse)","73/2591","172/9787",0.424418604651163,1.60315896708643,4.78863905094483,3.48271682113303e-06,3.01835457831529e-05,1.76720853541973e-05,"12912/16367/11539/11931/98660/23797/18798/17261/18160/11928/242202/19055/12913/230899/18127/19046/11938/14886/14673/16438/110157/12288/54611/16523/16439/12315/11652/17258/18576/11937/16337/384783/11739/213435/11513/18021/14678/11848/18821/208677/26396/67972/17931/11548/22333/104111/19878/12313/11651/238564/19056/22334/12289/17888/140781/11549/19057/11911/11512/11515/385643/16644/107589/224129/12915/20807/20541/12314/19877/19045/12015/19091/11740",73
"Organismal Systems","Nervous system","mmu04723","Retrograde endocannabinoid signaling - Mus musculus (house mouse)","66/2591","153/9787",0.431372549019608,1.62942614328634,4.7084493906201,5.24098651409123e-06,4.33590102769784e-05,2.53861536346059e-05,"66495/227197/67273/226646/68375/16519/68349/18798/14696/66046/14707/230075/595136/14688/231871/17992/68202/68198/23945/16438/12288/66108/16439/70316/67184/66916/18747/11513/14681/16521/14678/75406/66414/26420/14710/18750/104111/102631912/407785/17993/12289/67130/29857/11512/11515/224129/68194/100041273/100042503/16522/68342/78330/66416/72900/17991/225887/17995/14704/104130/17716/17717/17718/17720/17719/17721/17722",66
"Metabolism","Metabolism of cofactors and vitamins","mmu00670","One carbon pool by folate - Mus musculus (house mouse)","23/2591","37/9787",0.621621621621622,2.3480551180281,4.92943266527762,5.25952491525478e-06,4.33590102769784e-05,2.53861536346059e-05,"192166/269378/17769/232087/107747/68133/434437/14317/216188/108037/20425/13382/108156/238505/13361/12116/64918/74129/218865/11720/12411/14711/110695",23
"Organismal Systems","Endocrine system","mmu04922","Glucagon signaling pathway - Mus musculus (house mouse)","48/2591","104/9787",0.461538461538462,1.74337202743224,4.57307846900917,1.14299893872506e-05,8.99484228765601e-05,5.26636670843765e-05,"12912/241113/23797/18798/110078/18534/14683/19055/12913/108079/19017/100705/18682/16438/16832/16439/12315/11652/14936/16828/18576/68961/18747/18746/93759/208677/56012/103988/104570/110095/12313/68734/11651/56421/14121/68263/19056/19057/11911/328572/18642/12914/12314/12322/12894/19309/18639/18597",48
"Organismal Systems","Circulatory system","mmu04261","Adrenergic signaling in cardiomyocytes - Mus musculus (house mouse)","66/2591","156/9787",0.423076923076923,1.59809102514622,4.51839951195126,1.1443142555302e-05,8.99484228765601e-05,5.26636670843765e-05,"12912/21956/11931/98660/23797/226849/12296/12298/56508/11464/18798/14683/11928/12913/12293/19046/269643/17906/11938/12288/21954/12315/11652/11937/19053/326618/18747/11513/11606/73699/22003/235542/14678/17897/20271/19054/18821/208677/67972/11548/19052/18750/104111/59032/12313/26931/11651/20191/12294/12289/21924/17888/140781/11549/11911/29857/11512/11515/224129/64082/12915/21770/20541/12314/12322/19045",66
"Environmental Information Processing","Signal transduction","mmu04066","HIF-1 signaling pathway - Mus musculus (house mouse)","52/2591","116/9787",0.448275862068966,1.69327513009223,4.50702180129319,1.40311592516102e-05,0.000107784814251005,6.31066492656151e-05,"26987/23797/228026/18803/18706/16194/11863/13684/230163/20104/230899/13806/18127/14254/15277/14433/17000/16832/112406/11652/16828/11674/16337/11601/18709/112405/22041/71775/15275/17347/26396/16000/13649/13808/72508/20848/18750/15251/11651/56421/18708/68263/11600/328572/18642/12914/22339/12322/58988/19697/18655/18597",52
"Human Diseases","Infectious disease: viral","mmu05171","Coronavirus disease - COVID-19 - Mus musculus (house mouse)","123/2591","334/9787",0.368263473053892,1.3910438482356,4.36319474399426,1.53478301461185e-05,0.000115279257541957,6.74945512858546e-05,"19989/114641/19981/108167670/56489/14060/20344/69379/27176/269261/15139/66489/14061/228607/18803/66481/18706/99571/14161/110135/20091/16194/57294/67427/20104/16476/16451/110382/230558/20116/100040298/67025/12262/12259/17175/19934/20005/100503670/11837/19988/243302/19933/19951/50909/50908/21937/76846/19943/20103/20085/20055/27207/19899/20068/27050/26451/267019/67186/18709/76808/270106/18186/75617/56040/67891/19944/16785/67115/68652/20042/20054/20847/67945/27370/13649/78294/26420/19941/268449/108168140/65019/19921/20848/19942/18750/11491/20115/20090/66475/18708/16195/20088/17194/16391/12274/67281/100502825/12279/19946/26961/27367/29857/266632/57808/15975/16898/66211/19896/54127/20084/12268/625018/14962/12263/54217/12266/20044/319195/19697/14109/17195/67248/20102",123
"Metabolism","Carbohydrate metabolism","mmu00010","Glycolysis / Gluconeogenesis - Mus musculus (house mouse)","34/2591","67/9787",0.507462686567164,1.91684188090808,4.51844964987805,1.84431444422462e-05,0.000135517017858244,7.93435046943315e-05,"56752/68738/60525/18534/18770/11529/11522/11532/230163/72157/13806/11669/15277/21991/14433/16832/14447/14751/16828/11674/235339/18746/15275/56012/103988/13808/13382/56421/14121/68263/18642/110695/18655/18597",34
"Cellular Processes","Cellular community - eukaryotes","mmu04530","Tight junction - Mus musculus (house mouse)","69/2591","169/9787",0.408284023668639,1.54221371657467,4.26640618914118,3.0204450872444e-05,0.000217214987125236,0.000127176635252396,"241113/22145/74117/74192/58220/16800/70737/109905/17475/16476/108079/18762/269643/17906/11461/19353/11867/14924/53857/56449/68188/60595/71960/434204/70497/13043/12443/102098/19053/75677/17274/18747/93742/16412/75723/73699/19684/68178/17999/11848/26408/20869/27375/12567/17904/216459/18016/66713/26420/19052/15525/16897/77579/26941/19878/56217/12289/17886/17880/13383/67374/22350/17356/224912/67268/19877/104027/83814/17698",69
"Metabolism","Amino acid metabolism","mmu00260","Glycine, serine and threonine metabolism - Mus musculus (house mouse)","23/2591","40/9787",0.575,2.17195098417599,4.45650805234533,3.22716204210676e-05,0.000227245993798351,0.000133049663139489,"192166/76238/231691/100678/68133/235582/11655/434437/14431/108037/56012/20425/27364/19193/13382/12116/74129/218865/268782/12411/14711/110695/11656",23
"Human Diseases","Cancer: overview","mmu05230","Central carbon metabolism in cancer - Mus musculus (house mouse)","34/2591","69/9787",0.492753623188406,1.86128124667886,4.30796160509356,4.06658269467065e-05,0.000277447832452031,0.000162442206480791,"14660/15926/23797/228026/18706/17295/15277/110157/16832/16653/20514/11652/16828/269951/64384/15461/18709/18746/15275/26396/216456/56012/103988/13649/80879/15251/11651/56421/18708/68263/100126824/18642/14381/18597",34
"Cellular Processes","Cell motility","mmu04810","Regulation of actin cytoskeleton - Mus musculus (house mouse)","89/2591","232/9787",0.383620689655172,1.4490527555597,4.15352422081547,4.10425787650934e-05,0.000277447832452031,0.000162442206480791,"226970/329165/14268/74117/329251/23797/13800/69379/15139/227753/74192/16401/50884/14061/18706/14173/18645/110382/230558/19046/17906/18590/14673/11461/19353/11867/73178/243764/109880/110157/20315/16653/232807/232906/11652/60595/71960/20430/66922/381924/15461/54126/80857/18709/213435/16412/69632/19684/11848/67112/23805/26396/17931/16404/13649/66713/76884/77579/18643/237860/216963/16399/170758/19878/12632/11651/238564/544963/18708/22330/12274/12279/17886/17880/385643/16644/16419/107589/16415/22350/67268/19877/13367/14164/19045/17698/80903/14163/19241",89
"Human Diseases","Cardiovascular disease","mmu05414","Dilated cardiomyopathy - Mus musculus (house mouse)","46/2591","103/9787",0.446601941747573,1.68695222071922,4.20541140972761,4.83469747219633e-05,0.000316446284346995,0.000185275308181984,"13346/21956/21808/12296/12298/22138/16401/17868/11464/14683/16905/12293/24051/17906/11938/11461/12288/16651/21954/11937/326618/18747/11513/11606/16412/22003/13138/17897/16773/18821/16000/16404/16399/104111/20191/12294/12289/21924/17888/140781/11512/11515/16419/224129/20541/13405",46
"Organismal Systems","Endocrine system","mmu04921","Oxytocin signaling pathway - Mus musculus (house mouse)","63/2591","153/9787",0.411764705882353,1.5553613185915,4.15440427759064,4.86840437456915e-05,0.000316446284346995,0.000185275308181984,"241113/329251/12296/12298/16519/20192/18798/14683/18160/19055/16476/108079/230899/12293/18127/19046/12494/207565/11461/16438/52163/110157/12288/16653/16439/232807/12315/15461/12443/18747/213435/11513/14681/18021/16521/14678/11848/26396/13629/17931/17904/216459/13649/18750/104111/19878/12313/20191/238564/19056/12294/12289/19057/11512/11515/107589/224129/54720/16522/12314/19877/12322/19045",63
"Genetic Information Processing","Chromosome","mmu03082","ATP-dependent chromatin remodeling - Mus musculus (house mouse)","57/2591","136/9787",0.419117647058824,1.58313562785207,4.1090706418001,6.09014476872772e-05,0.000388390364496221,0.000227397659686358,"407823/68142/269397/73247/56456/319192/59001/19646/433759/93760/66993/75560/22385/70103/11461/70020/107932/232440/20174/233532/100043597/93762/26992/20586/21761/627352/20588/15182/404634/20587/17192/116848/68094/216848/57376/207165/217578/22632/116870/26914/105246/56249/66923/93696/77044/51812/83797/239985/72057/13831/17191/52004/81601/23942/67155/56397/245688",57
"Metabolism","Carbohydrate metabolism","mmu00650","Butanoate metabolism - Mus musculus (house mouse)","17/2591","27/9787",0.62962962962963,2.37830381520077,4.30321124752372,7.26572513789592e-05,0.000447990752632346,0.00026229293520673,"15360/15107/15356/97212/11409/272428/117147/20216/93747/110446/214579/208715/67041/268860/71911/224530/110460",17
"Cellular Processes","Transport and catabolism","mmu04144","Endocytosis - Mus musculus (house mouse)","100/2591","270/9787",0.37037037037037,1.39900224423574,3.98931124091443,7.28979035348492e-05,0.000447990752632346,0.00026229293520673,"211673/20479/74117/16184/74192/215280/77038/98878/84092/69178/75608/58220/66371/229285/12340/54673/107568/12757/230597/230837/12345/18762/213990/56433/330192/11867/12389/73178/330319/66700/52055/19349/232227/28006/243621/13854/68953/11771/14276/15461/52348/17274/13859/65114/116733/71955/234852/93742/13430/16835/69091/15481/17127/53869/17999/11848/18571/21813/54198/30930/70432/216439/19344/13649/66713/216724/11840/216963/71770/67300/27681/19345/28084/66313/19157/19325/211914/11845/74325/11843/11773/16004/215445/19326/14972/15482/14964/15015/15007/15042/15040/271457/20405/16573/83814/110355/13660/107338/73728/14773",100
"Genetic Information Processing","Folding, sorting and degradation","mmu03050","Proteasome - Mus musculus (house mouse)","25/2591","47/9787",0.531914893617021,2.0092053507641,4.16140255861808,8.66327935399405e-05,0.000522890789580355,0.000306145962133624,"70247/19177/19182/228769/26444/56436/19185/66537/20422/23996/23997/19171/17463/26441/103554/69077/22123/19192/19184/19179/67089/19186/21762/19170/16912",25
"Cellular Processes","Cellular community - eukaryotes","mmu04510","Focal adhesion - Mus musculus (house mouse)","78/2591","202/9787",0.386138613861386,1.45856372592103,3.95157344664724,9.32208139497794e-05,0.000552783072193429,0.000323647516575411,"14268/12828/329251/226519/23797/12334/16780/107746/16401/271849/18706/20416/109905/21894/16476/12840/19046/16542/17906/18590/11461/19353/14254/12389/17295/109880/22793/110157/12444/232807/232906/11652/60595/16202/15461/12443/12826/12827/18709/213435/16412/11848/16779/12387/16773/12834/16000/17931/215449/16404/13649/26420/22370/12643/12842/16399/18750/170758/19878/16777/11651/238564/18708/22330/16419/107589/56637/81877/22339/12445/67268/19877/13367/19045/12015/22340/11798/192176",78
"Metabolism","Metabolism of terpenoids and polyketides","mmu00900","Terpenoid backbone biosynthesis - Mus musculus (house mouse)","15/2591","23/9787",0.652173913043478,2.46346047354555,4.21620544333332,0.000109303103988933,0.000636973261176883,0.000372939810343363,"56075/110196/15360/230709/57295/14272/192156/110446/52014/110606/15357/208715/224530/110460/19671",15
"Organismal Systems","Nervous system","mmu04728","Dopaminergic synapse - Mus musculus (house mouse)","56/2591","136/9787",0.411764705882353,1.5553613185915,3.91335871248577,0.000125131005087053,0.000716852198634305,0.000419707920720179,"12912/23797/226849/16519/18798/14683/14696/19055/14707/12913/14688/19046/269643/12753/16438/12288/16439/12315/606496/11652/791260/19053/18747/14681/16521/73699/235542/14678/19054/208677/26420/19052/14710/18750/59032/12313/26931/11651/19056/12289/19057/11911/29857/12846/224129/56637/16522/12915/21770/12314/16573/12322/14680/19045/14704/214084",56
"Cellular Processes","Cell motility","mmu04814","Motor proteins - Mus musculus (house mouse)","76/2591","198/9787",0.383838383838384,1.44987505311704,3.83732498718682,0.00014267649154065,0.000803744235678994,0.000470582112449863,"226977/22145/21956/240960/11464/668880/16558/67068/668940/12340/68922/53598/242584/242646/75563/12345/16561/74376/231646/56455/17906/11461/13191/53857/21954/232943/71960/381917/110033/320191/17925/326618/16582/234663/11459/22003/71602/17920/17897/69654/17904/216459/77579/327954/16562/17913/360013/66196/68097/69926/16570/13424/16593/13411/22151/16553/16563/21924/17888/140781/17909/16581/17886/16564/17880/100310872/22154/67268/16573/17922/19348/67665/67951/17919/16594/16571",76
"Cellular Processes","Cell growth and death","mmu04216","Ferroptosis - Mus musculus (house mouse)","22/2591","41/9787",0.536585365853659,2.02684715384398,3.95344101365528,0.000193290149529375,0.00107101754985129,0.000627067266807982,"19122/66734/14854/12870/14630/23983/74244/14792/14325/14081/67443/14629/22041/71775/625249/216739/22334/27057/213053/18521/14319/433256",22
"Human Diseases","Neurodegenerative disease","mmu05017","Spinocerebellar ataxia - Mus musculus (house mouse)","57/2591","141/9787",0.404255319148936,1.52699606658072,3.78210895738297,0.000196795613565387,0.0010728535062113,0.000628142196100046,"70247/23797/19177/19182/67134/18798/26444/56436/18706/19185/242443/20239/11938/20422/13063/16438/16439/71722/11652/23996/14814/11937/233871/23997/11739/18709/17463/26441/26408/237336/170483/22433/26420/22333/69077/22123/56208/19184/18750/52639/19179/11651/20238/18708/22334/67089/14169/21762/74143/19170/21374/69597/20743/81601/22359/226153/11740",57
"Organismal Systems","Endocrine system","mmu04923","Regulation of lipolysis in adipocytes - Mus musculus (house mouse)","28/2591","57/9787",0.491228070175439,1.85551876603899,3.88688134333395,0.000204120405336849,0.00108863542592724,0.000637382311038059,"16367/11539/23797/14683/11770/18706/18160/230899/23945/14311/16890/11652/18576/66853/16337/384783/18709/18747/11513/14678/104111/11651/18708/11512/11515/224129/225845/19091",28
"Human Diseases","Cancer: specific types","mmu05225","Hepatocellular carcinoma - Mus musculus (house mouse)","68/2591","175/9787",0.388571428571429,1.46775321166676,3.74644754462366,0.000206132151654862,0.00108863542592724,0.000637382311038059,"14859/66447/23797/21808/18024/107986/271849/12048/18803/18706/56456/20416/22414/14862/93760/13542/66993/11461/17295/109880/13197/21415/110157/56615/16653/11652/22411/15461/12443/18709/14388/26992/50868/20586/17127/20588/21813/12387/14872/20587/23805/26396/50493/12567/68094/13649/13543/72508/57376/18750/11651/23882/18708/66923/77044/83797/26462/13544/56637/239985/72057/12018/93687/14870/58988/12015/67155/21416",68
"Organismal Systems","Excretory system","mmu04962","Vasopressin-regulated water reabsorption - Mus musculus (house mouse)","23/2591","44/9787",0.522727272727273,1.97450089470545,3.88734391026659,0.00023279618821126,0.00121054017869855,0.000708756006214037,"12912/14683/12913/56455/13191/20909/18747/234663/53869/208677/69654/19344/68097/19345/192662/104111/13424/11512/11515/19326/271457/67665/12000",23
"Human Diseases","Drug resistance: antineoplastic","mmu01521","EGFR tyrosine kinase inhibitor resistance - Mus musculus (house mouse)","36/2591","80/9787",0.45,1.69978772674643,3.77102607068115,0.000258177124814394,0.00132217982101917,0.000774119608693877,"26987/23797/271849/12048/18803/18706/14173/20416/16194/13684/20104/16451/16542/18590/17295/109880/110157/16653/11652/15461/14456/18709/14388/56484/26396/16000/13649/72508/20848/18750/11651/18708/56637/22339/58988/12015",36
"Metabolism","Lipid metabolism","mmu01040","Biosynthesis of unsaturated fatty acids - Mus musculus (house mouse)","19/2591","34/9787",0.558823529411765,2.11084750380276,3.89327897769227,0.000262222924736846,0.00132285594867245,0.000774515472906944,"12012/20280/80911/106529/57874/68801/235674/113868/11430/171210/26897/171282/171281/54326/15488/56473/76267/20249/12686",19
"Metabolism","Amino acid metabolism","mmu00270","Cysteine and methionine metabolism - Mus musculus (house mouse)","27/2591","55/9787",0.490909090909091,1.85431388372338,3.81231250594858,0.000267448232830201,0.001329375039656,0.000778332318453217,"269378/14854/14630/231691/17448/232087/16832/14204/100328588/12036/16828/14719/234724/14629/17449/13435/104923/238505/12116/64918/11720/268782/246221/12411/14711/12583/14718",27
"Human Diseases","Cancer: overview","mmu05205","Proteoglycans in cancer - Mus musculus (house mouse)","76/2591","204/9787",0.372549019607843,1.40723166920184,3.52692820330479,0.000418359481989971,0.00204935514366102,0.00119987158831601,"14268/14733/329251/23797/21808/18803/20971/18706/14173/22414/109676/20104/15530/19046/16542/19247/11461/19353/12389/17295/109880/16438/110157/16653/16439/232807/11652/22411/66922/15461/13043/12443/11733/18709/14388/18747/16412/69632/69253/19684/11848/12387/26396/21859/16000/13179/17931/13649/22370/72508/12842/20848/13207/18750/20969/19878/15251/11651/19206/13039/18708/14000/15529/29857/75705/66911/16419/22350/22339/19877/12322/58988/19045/18569/192176/17698",76
"Human Diseases","Cancer: specific types","mmu05212","Pancreatic cancer - Mus musculus (house mouse)","34/2591","76/9787",0.447368421052632,1.68984744764265,3.62258526051032,0.000433202658017698,0.00209174997728546,0.00122469322868161,"23797/21808/107986/19361/12048/18706/16451/12371/19353/12190/109880/13197/110157/16653/11652/12443/18709/17127/21813/12567/13649/26420/72508/20848/170758/11651/23882/18708/12018/22339/19765/58988/19697/12015",34
"Environmental Information Processing","Signal transduction","mmu04371","Apelin signaling pathway - Mus musculus (house mouse)","55/2591","139/9787",0.39568345323741,1.49461750553243,3.5241060615556,0.000477117262318027,0.00227134696709145,0.00132984500097537,"241113/23797/20192/18798/66734/14696/17261/14707/20104/108079/14688/18127/19017/17906/16438/110157/16653/16439/12315/16890/11652/56632/17258/66922/18576/15461/12443/18747/213435/11513/67443/17127/14678/17897/14219/26396/72508/14710/56208/15184/20698/104111/12313/11651/20191/238564/11512/11515/107589/224129/18131/20541/12314/58988/14704",55
"Cellular Processes","Cellular community - eukaryotes","mmu04520","Adherens junction - Mus musculus (house mouse)","39/2591","92/9787",0.423913043478261,1.60124930780461,3.47668489901015,0.000644617281533149,0.00301005332543924,0.00176234825656362,"227377/12388/12995/109905/17906/11461/19353/17295/73178/21415/19294/60595/69903/16337/12562/93742/17127/11848/21813/12387/19263/215449/13649/66313/170758/19878/11431/22330/380928/328572/12914/77446/17356/19274/67268/19877/12385/20411/21416",39
"Human Diseases","Endocrine and metabolic disease","mmu04931","Insulin resistance - Mus musculus (house mouse)","45/2591","110/9787",0.409090909090909,1.54526156976948,3.45081435874502,0.000656773185050025,0.00301005332543924,0.00176234825656362,"12912/241113/16367/23797/22259/26458/110078/18534/18706/12913/108079/18762/12491/18127/19046/19017/100705/19247/140491/21937/26459/11652/14936/16337/384783/18709/11606/208677/26420/20787/72508/20848/21428/110095/11651/18708/56637/170826/12894/58988/19045/19697/19309/53412/76055",45
"Genetic Information Processing","Translation","mmu03015","mRNA surveillance pathway - Mus musculus (house mouse)","43/2591","104/9787",0.413461538461538,1.56177077457471,3.4559032878869,0.000659005757640544,0.00301005332543924,0.00176234825656362,"226517/56009/226849/326622/228410/229512/433702/230721/51796/230908/68991/19046/269643/66899/68188/74737/233908/67031/19053/19704/13680/73699/235542/19054/56422/70248/19052/103677/76626/192160/59032/18949/51786/26931/105083/56215/18458/14852/68092/53817/21770/74320/19045",43
"Human Diseases","Cancer: specific types","mmu05223","Non-small cell lung cancer - Mus musculus (house mouse)","32/2591","72/9787",0.444444444444444,1.67880269308289,3.46879901568273,0.00072632428195076,0.00327330143065809,0.00191647670184902,"54354/23797/20181/107986/18803/18706/12371/17295/109880/13197/110157/16653/11652/15461/12443/18709/56289/56484/26396/12567/13649/20851/20848/18750/11651/23882/18708/218772/12018/20182/16573/12015",32
"Environmental Information Processing","Signal transduction","mmu04370","VEGF signaling pathway - Mus musculus (house mouse)","27/2591","58/9787",0.46551724137931,1.75840109663424,3.47591847830823,0.000775983817092291,0.0033870048506205,0.00198304862010792,"17164/23797/18803/18706/19055/12371/18127/16542/15507/19353/110157/16653/11652/56632/15461/18709/26396/18750/20698/170758/11651/18708/19056/19057/29857/22339/12015",27
"Human Diseases","Cancer: specific types","mmu05213","Endometrial cancer - Mus musculus (house mouse)","27/2591","58/9787",0.46551724137931,1.75840109663424,3.47591847830823,0.000775983817092291,0.0033870048506205,0.00198304862010792,"23797/107986/18706/12371/109880/13197/21415/110157/16653/11652/16202/15461/12443/18709/12387/56484/23805/26396/13649/11651/23882/18708/56637/12018/12385/12015/21416",27
"Organismal Systems","Immune system","mmu04611","Platelet activation - Mus musculus (house mouse)","50/2591","126/9787",0.396825396825397,1.49893097596687,3.38224788735251,0.000781616503989347,0.0033870048506205,0.00198304862010792,"12825/23797/279028/14061/18798/14683/18706/99571/14161/110135/109905/17096/21894/18762/18127/19046/11461/22320/16438/16439/232906/11652/18709/18747/213435/11513/16412/69632/14678/11848/17931/215449/14723/12842/16399/104111/19878/11651/238564/18708/29857/11512/11515/107589/224129/67268/19877/19045/108101/19091",50
"Metabolism","Amino acid metabolism","mmu00250","Alanine, aspartate and glutamate metabolism - Mus musculus (house mouse)","20/2591","39/9787",0.512820512820513,1.93708003048026,3.51837366329689,0.000812162224031925,0.00347482065471887,0.00203446366579616,"14660/227231/14645/11898/269642/231327/109900/14204/100328588/108682/14719/216456/11565/214579/14661/268782/76282/268860/52633/14718",20
"Metabolism","Metabolism of cofactors and vitamins","mmu00785","Lipoic acid metabolism - Mus musculus (house mouse)","12/2591","19/9787",0.631578947368421,2.38566698490727,3.62763496673361,0.000841814306922268,0.00355666544674658,0.00208238275922877,"623661/13171/12039/117147/68133/235339/434437/18293/13382/78920/68263/18597",12
"Metabolism","Lipid metabolism","mmu00062","Fatty acid elongation - Mus musculus (house mouse)","16/2591","29/9787",0.551724137931034,2.08403092934428,3.50793066219439,0.000968029726855898,0.004039432687374,0.00236503688952448,"15107/19063/97212/231086/93747/106529/57874/68801/171210/26897/171282/171281/54326/54397/52538/12686",16
"Organismal Systems","Nervous system","mmu04722","Neurotrophin signaling pathway - Mus musculus (house mouse)","48/2591","121/9787",0.396694214876033,1.49843546159465,3.31031222289258,0.000993765559597169,0.00409625316029077,0.0023983045597467,"16367/17164/23797/19165/107746/11350/271849/18803/18706/20416/109905/20661/16476/19247/16923/19353/109880/110157/16653/12315/11652/20399/15461/18709/14388/11848/26408/56484/26396/17179/215449/73914/26420/22627/192662/77480/12313/11651/18708/11911/29857/266632/56637/12314/12322/19697/12015/94275",48
"Human Diseases","Cancer: specific types","mmu05210","Colorectal cancer - Mus musculus (house mouse)","37/2591","88/9787",0.420454545454545,1.58818550226308,3.32569874836982,0.00105328219175037,0.00428926964833282,0.00251131327899897,"23797/21808/107986/18706/16476/12371/19353/109880/13063/13197/21415/110157/16653/11652/15461/12443/18709/17127/11848/21813/12387/23805/26396/13649/26420/72508/170758/11651/23882/17686/18708/72993/56637/12018/58988/12015/21416",37
"Human Diseases","Infectious disease: viral","mmu05165","Human papillomavirus infection - Mus musculus (house mouse)","121/2591","359/9787",0.337047353760446,1.27313101167637,3.16372834531015,0.00119559085461652,0.00481082986738551,0.00281668020887099,"12912/14268/12828/55927/56489/226519/23797/226849/16780/18128/64930/16401/58220/14683/18706/12428/22414/12448/74164/12913/66290/16451/12840/433759/69116/18762/13542/19744/269643/231655/21415/14924/101206/110157/11973/107932/21937/12444/16653/11652/22215/22411/15461/14082/12443/12826/12827/19053/18709/18747/19651/93742/16412/73699/18746/235542/16779/12387/19054/237336/16773/15182/12834/23805/208677/26396/12567/20847/16404/13649/103806/19052/16362/16897/13543/22370/72508/12643/12842/11975/16399/26941/68775/16777/59032/56217/73834/19179/26931/11651/18708/16391/328572/12914/13544/13383/16419/56637/15975/21374/22084/12018/18131/14972/81877/66237/14964/15015/15007/15042/15040/22339/21770/12445/224912/93687/58988/19697/12015/21416/54411",121
"Cellular Processes","Cell growth and death","mmu04218","Cellular senescence - Mus musculus (house mouse)","67/2591","182/9787",0.368131868131868,1.39054673616619,3.19117599913419,0.00128128695579422,0.00509499989480527,0.00298305817571906,"17164/54354/23797/12334/21808/64930/15259/16175/13559/18706/12428/19055/12448/19646/19744/19046/231724/15258/13197/16438/110157/12444/16653/16439/12315/233020/11652/75660/66922/15461/12443/11739/18709/19651/18021/17127/21813/103213/56484/93759/26396/12567/18412/22333/12192/12313/11651/23882/18708/19056/22334/12289/19057/29857/22084/14972/14964/15015/15007/15042/15040/12445/12314/19045/19367/19697/11740",67
"Human Diseases","Infectious disease: bacterial","mmu05100","Bacterial invasion of epithelial cells - Mus musculus (house mouse)","33/2591","77/9787",0.428571428571429,1.61884545404422,3.27121197605232,0.00130396188999894,0.00510672560764118,0.00298992343268932,"14268/74117/74192/271849/140579/18706/622434/20416/12757/71890/11461/19353/11867/12389/17295/73178/16202/13043/18709/78514/14388/234683/16412/13430/11848/12387/66713/67300/53860/74325/18708/22330/12385",33
"Human Diseases","Endocrine and metabolic disease","mmu04936","Alcoholic liver disease - Mus musculus (house mouse)","54/2591","141/9787",0.382978723404255,1.44662785255015,3.20532791204036,0.00131445304102007,0.00510672560764118,0.00298992343268932,"241113/56489/72674/56752/23797/15139/11529/11522/11532/11364/108079/12262/12259/80911/19017/100705/11669/207565/14080/21415/171095/68465/21937/11652/13106/14082/12443/56690/117149/12387/68652/26408/56484/93759/26420/20787/11370/11430/14245/11651/19766/29857/266632/56637/12268/625018/12263/12266/64898/110695/12894/19697/20249/21416",54
"Environmental Information Processing","Signal transduction","mmu04071","Sphingolipid signaling pathway - Mus musculus (house mouse)","49/2591","126/9787",0.388888888888889,1.46895235644753,3.1790231380001,0.00147118074944399,0.00565067151490985,0.00330839690066351,"433323/11539/23797/226849/18798/18706/76893/13609/18201/18762/18127/269643/14673/19353/110157/21937/16653/11652/56632/15461/13033/19053/93898/18709/73699/235542/14678/11848/19054/26408/26396/26420/19052/18750/20698/170758/19878/59032/20773/70059/26931/11651/18708/29857/385643/16644/21770/19877/19697",49
"Human Diseases","Cardiovascular disease","mmu05418","Fluid shear stress and atherosclerosis - Mus musculus (house mouse)","56/2591","148/9787",0.378378378378378,1.42925094140841,3.15730733635897,0.00150198972213657,0.0057041856863164,0.00333972877305351,"14859/12168/14733/66447/23797/11898/11480/18024/16175/20971/18706/16800/14862/16476/108079/18762/18127/16542/18590/11461/19353/12389/21937/56615/12315/11652/17258/18709/12562/50868/11848/12387/26408/14872/22027/26420/18412/16399/18613/170758/20969/12313/15519/11651/13039/18708/15529/56551/29857/19252/15516/22339/12314/14870/19697/237038",56
"Organismal Systems","Endocrine system","mmu04935","Growth hormone synthesis, secretion and action - Mus musculus (house mouse)","46/2591","117/9787",0.393162393162393,1.48509469003487,3.1673565114355,0.00155749837917175,0.00584927169066725,0.00342467479864666,"12912/16367/23797/271849/18798/18803/14683/18706/20416/12913/16438/58991/110157/12288/16653/16439/11652/15461/384783/18709/18747/11513/14678/208677/26396/16000/26420/20851/20848/18750/104111/11651/18708/12289/14600/20607/11911/328572/29857/11512/12914/11515/224129/56637/16005/12915",46
"Metabolism","Amino acid metabolism","mmu00380","Tryptophan metabolism - Mus musculus (house mouse)","24/2591","52/9787",0.461538461538462,1.74337202743224,3.22500686635768,0.00173057085744524,0.0064143235847536,0.00375550555569504,"71724/266645/56752/12359/56720/15107/97212/11669/21743/14204/100328588/93747/23923/270076/110446/13077/237320/71562/13382/78920/224530/110460/107766/110695",24
"Metabolism","Global and overview maps","mmu01240","Biosynthesis of cofactors - Mus musculus (house mouse)","57/2591","152/9787",0.375,1.41648977228869,3.10521024442405,0.00174591056153057,0.0064143235847536,0.00375550555569504,"623661/394436/171567/107508/11636/14287/74450/14854/56720/319945/14630/22275/11637/20148/192185/100727/231396/22238/52064/11669/15445/110006/232087/12036/67417/22276/14629/11655/331026/108037/216558/20425/18103/18102/103711/71562/13382/108156/268566/217707/11565/13361/102216272/71147/11720/268756/68646/54128/12892/56738/107766/14151/56248/75735/226139/19733/11656",57
"Organismal Systems","Endocrine system","mmu04925","Aldosterone synthesis and secretion - Mus musculus (house mouse)","41/2591","103/9787",0.398058252427184,1.50358784890191,3.08288410998223,0.00207889759266997,0.00754802129371318,0.00441927126508277,"12912/11931/98660/18798/14683/18160/15496/15494/11928/12913/230899/16527/231871/16438/52163/12288/16439/12315/16890/20845/18747/11513/11606/16835/16521/208677/67972/12291/18750/104111/12313/12289/11911/11512/11908/11515/224129/12915/75292/12314/12322",41
"Human Diseases","Cardiovascular disease","mmu05410","Hypertrophic cardiomyopathy - Mus musculus (house mouse)","40/2591","100/9787",0.4,1.5109224237746,3.08142107656584,0.00210616568918234,0.00754802129371318,0.00441927126508277,"241113/13346/21956/21808/12296/12298/22138/16401/17868/11464/16905/108079/12293/24051/17906/11938/11461/12288/16651/21954/11937/326618/11606/16412/22003/13138/17897/16773/16000/16404/16399/20191/12294/12289/21924/17888/140781/16419/20541/13405",40
"Human Diseases","Cancer: specific types","mmu05211","Renal cell carcinoma - Mus musculus (house mouse)","30/2591","70/9787",0.428571428571429,1.61884545404422,3.11785460264599,0.00212148527486021,0.00754802129371318,0.00441927126508277,"14194/23797/21808/107746/18706/11863/109905/16476/19247/19353/17295/109880/110157/16653/112406/11652/15461/18709/14388/112405/26396/215449/15251/11651/18708/328572/12914/22339/13819/12015",30
"Cellular Processes","Transport and catabolism","mmu04142","Lysosome - Mus musculus (house mouse)","51/2591","135/9787",0.377777777777778,1.42698228912046,2.99749745966246,0.0024759420371797,0.00862746655812926,0.00505127285247057,"11432/19025/64138/229445/14466/20661/56629/12757/19063/12492/15932/110006/11781/17113/12752/13033/94178/16783/11765/15211/13036/66848/53599/19156/11776/432486/75612/67300/11975/260302/14387/17775/11782/67963/19141/74325/13039/11774/15212/55946/11766/13030/106039/11883/16004/214505/54397/18145/16784/54411/108012",51
"Cellular Processes","Cell growth and death","mmu04210","Apoptosis - Mus musculus (house mouse)","51/2591","135/9787",0.377777777777778,1.42698228912046,2.99749745966246,0.0024759420371797,0.00862746655812926,0.00505127285247057,"12633/22145/23797/12334/20740/13804/69601/12048/64138/18706/229445/16905/17210/16476/12371/11461/13063/13197/64704/16438/110157/53857/21937/16653/16439/11652/15461/13033/14082/18709/13036/26408/26396/13198/26420/13665/11651/19766/23882/13039/18708/328417/13030/21933/11911/12018/13163/19697/12015/11798/26926",51
"Genetic Information Processing","Translation","mmu03010","Ribosome - Mus musculus (house mouse)","91/2591","265/9787",0.343396226415094,1.29711264682537,2.94219004391749,0.00250145480087771,0.00862746655812926,0.00505127285247057,"27395/19989/114641/19981/108167670/27176/118451/269261/66489/77721/66481/20091/67707/57294/78523/66292/67427/20104/20116/100040298/67025/19934/20005/68735/100503670/11837/19988/243302/19933/56284/19951/76846/19943/20103/20085/20055/27207/19899/20068/27050/26451/267019/67186/76808/94065/270106/75617/56040/67891/19944/16785/67115/20042/20054/67945/27370/78294/19941/268449/108168140/94064/65019/19921/19942/50529/56282/20115/20090/66475/20088/67281/100502825/19946/68537/26961/27367/57808/67681/16898/66211/19896/54127/20084/68463/54217/20044/319195/353242/14109/67248/20102",91
"Organismal Systems","Endocrine system","mmu04918","Thyroid hormone synthesis - Mus musculus (house mouse)","31/2591","74/9787",0.418918918918919,1.58238497084502,3.017449839291,0.0027768134354175,0.0094804337492032,0.00555067438446029,"12912/11931/98660/14828/18798/14683/11928/12913/11657/12304/16438/16439/14782/18747/11513/14775/70337/208677/22027/12330/14778/11889/11890/18750/104111/11911/11512/11515/224129/12915/22139",31
"Environmental Information Processing","Signal transduction","mmu04068","FoxO signaling pathway - Mus musculus (house mouse)","50/2591","133/9787",0.37593984962406,1.42003987196861,2.92653299931196,0.0030488119517533,0.0103049843969262,0.00603343838873285,"241113/16367/23797/21808/12359/18534/18706/20873/73251/13609/108079/109880/13197/110157/12444/57436/16653/11652/26557/12176/15461/12443/16337/384783/26558/18709/19651/17127/21813/56484/93759/20869/26396/16000/216439/13649/26420/56486/20848/11651/23882/18708/67731/27373/328572/29857/12914/12053/20656/54601",50
"Organismal Systems","Endocrine system","mmu04914","Progesterone-mediated oocyte maturation - Mus musculus (house mouse)","37/2591","93/9787",0.397849462365591,1.50279918493711,2.92331265378473,0.00338093433730761,0.0113144139208908,0.0066244466431874,"23797/20878/18706/12428/71890/231207/56317/59008/109880/110157/16653/11652/18576/110033/18709/18747/11513/69010/14678/16000/67579/26420/217232/66156/104111/15519/11651/18708/29857/11512/11515/224129/268930/15516/70891/52563/208922",37
"Genetic Information Processing","Information processing in viruses","mmu03250","Viral life cycle - HIV-1 - Mus musculus (house mouse)","27/2591","63/9787",0.428571428571429,1.61884545404422,2.9567917619166,0.00346320859618631,0.0114761226030488,0.00671912503697654,"20479/72949/17754/269344/75608/26943/57314/101739/19384/320938/20924/18550/319236/116733/18571/19386/20587/268373/93736/76895/192657/218442/328572/12455/12914/27632/18519",27
"Organismal Systems","Endocrine system","mmu04915","Estrogen signaling pathway - Mus musculus (house mouse)","50/2591","134/9787",0.373134328358209,1.40944255949124,2.86355127709441,0.00363665283947916,0.011933870482951,0.00698713064713421,"17978/12912/23797/16519/271849/18798/14683/18706/20416/12913/16476/18127/16438/110157/14228/16653/16439/12315/11652/15461/13033/18709/18747/11513/14681/16521/15481/14678/208677/26396/22027/13649/16661/104111/17977/12313/15519/11651/18708/11911/11512/16668/11515/224129/16522/21784/12915/15482/15516/12314",50
"Metabolism","Metabolism of other amino acids","mmu00410","beta-Alanine metabolism - Mus musculus (house mouse)","16/2591","32/9787",0.5,1.88865302971826,3.0212336492611,0.00371367867875305,0.0120694557059474,0.00706651408507665,"227095/56752/99586/97212/80911/11409/11669/93747/56690/73748/11430/104776/64705/268860/110695/338403",16
"Environmental Information Processing","Signal transduction","mmu04151","PI3K-Akt signaling pathway - Mus musculus (house mouse)","120/2591","367/9787",0.326975476839237,1.23508644995199,2.75439304658128,0.0040728911573179,0.0131108305826043,0.00767622594060917,"12912/14268/16367/12828/26987/98432/226519/23797/226849/16780/16184/20181/64930/263803/16401/12048/18534/18706/14696/14173/13638/16194/17210/12977/13684/14707/12448/12913/20104/16451/108079/12840/12371/14688/18127/19744/269643/16542/22628/18590/19353/14254/17295/243764/14924/110157/12444/16653/11652/14936/15461/12443/16337/12826/12827/11601/19053/80857/18709/320795/19651/16412/12539/73699/235542/16779/19054/16773/56484/12834/67112/20869/208677/26396/22027/16000/12567/16404/13649/19052/22627/22370/72508/12643/12842/14710/16399/18750/16777/59032/26931/15519/11651/18708/14600/18414/19116/22631/11600/11911/75705/16419/56637/15975/22084/12915/81877/15516/22339/21770/12445/19197/14164/12978/58988/19697/12015/22340/14704/80903",120
"Human Diseases","Cancer: specific types","mmu05220","Chronic myeloid leukemia - Mus musculus (house mouse)","31/2591","76/9787",0.407894736842105,1.54074326108595,2.83959674566334,0.00450605570458546,0.0143683663033008,0.00841249724391328,"23797/21808/11350/107986/271849/12048/18706/20416/433759/13016/19247/109880/13197/110157/16653/11652/15461/12443/18709/17127/21813/15182/26396/12567/20851/11651/23882/18708/12018/19697/12015",31
"Cellular Processes","Cell growth and death","mmu04114","Oocyte meiosis - Mus musculus (house mouse)","46/2591","123/9787",0.373983739837398,1.41265104661853,2.76342562793725,0.00489237116986232,0.0153695943320374,0.00899870362635636,"226849/20878/19055/12448/71890/19046/231207/56317/59008/22628/26965/16438/16439/12315/19053/18747/11513/73699/69010/16000/67579/19052/21402/22627/217232/66156/104111/12313/26931/19056/19057/22631/29857/11512/11515/224129/268930/21770/70891/12314/52563/12322/19045/208922/20874/24061",46
"Human Diseases","Endocrine and metabolic disease","mmu04933","AGE-RAGE signaling pathway in diabetic complications - Mus musculus (house mouse)","39/2591","101/9787",0.386138613861386,1.45856372592103,2.77957813586351,0.00491099463863917,0.0153695943320374,0.00899870362635636,"12825/14268/18802/12828/23797/21808/16175/18798/18803/18706/16476/18762/18127/19353/16653/11652/15461/12443/12826/12827/18709/11606/17127/21813/12567/26420/12842/20851/20848/18750/11651/18708/29857/18712/22339/13367/19697/22340/237038",39
"Human Diseases","Endocrine and metabolic disease","mmu04934","Cushing syndrome - Mus musculus (house mouse)","58/2591","162/9787",0.358024691358025,1.35236883609455,2.7135970908397,0.00527545779383012,0.016358759030409,0.00957784708102427,"12912/14194/84092/18798/14683/320024/11863/15496/15494/22414/109905/12448/12913/13542/16527/109880/21415/16438/12288/16439/18584/22411/233912/12443/20845/23808/18747/11513/11606/16835/214162/14678/12387/23805/208677/26396/215449/12567/13649/13543/12291/104111/218461/12289/11911/11512/381022/11515/13544/224129/69544/56637/12915/12322/11632/17283/13074/21416",58
"Organismal Systems","Endocrine system","mmu04926","Relaxin signaling pathway - Mus musculus (house mouse)","48/2591","130/9787",0.369230769230769,1.39469762194579,2.71835270210369,0.00545757235279325,0.0167696314113102,0.00981840767775244,"12825/12912/12828/23797/271849/18798/14683/18706/14696/20416/14707/12913/16476/18762/14688/18127/110157/16653/11652/15461/12826/12827/18709/18747/11513/14681/14678/21813/208677/26396/13649/26420/12842/14710/18750/104111/11651/18708/11911/29857/11512/11515/224129/12915/22339/19697/22340/14704",48
"Human Diseases","Drug resistance: antineoplastic","mmu01522","Endocrine resistance - Mus musculus (house mouse)","36/2591","93/9787",0.387096774193548,1.46218299074962,2.68716701557786,0.00641033350778324,0.0195197542849616,0.0114285699332693,"23797/18128/27413/271849/14683/18706/20416/16476/109880/110157/16653/11652/15461/12443/18709/18747/11513/59035/26396/16000/12567/13649/26420/20185/72508/19014/104111/11651/18708/29857/11512/11515/224129/18131/58988/12015",36
"Organismal Systems","Endocrine system","mmu04920","Adipocytokine signaling pathway - Mus musculus (house mouse)","29/2591","72/9787",0.402777777777778,1.52141494060637,2.66452041391177,0.00725563284688386,0.0218964634129174,0.0128201031505091,"241113/16367/72674/23797/20181/18534/108079/12491/19017/100705/19247/207565/68465/21937/11652/384783/14081/11604/20869/26420/216739/20848/11651/72993/20182/78625/12894/19697/433256",29
"Human Diseases","Substance dependence","mmu05031","Amphetamine addiction - Mus musculus (house mouse)","28/2591","69/9787",0.405797101449275,1.53281985020612,2.6650614604355,0.007328038222174,0.0219192647707506,0.0128334530579293,"12912/14683/19055/12913/242443/16476/433759/19046/12288/12315/14814/18747/15182/93759/170483/208677/18750/12313/19056/12289/19057/11911/224129/12915/12314/12322/19045/214084",28
"Environmental Information Processing","Signal transduction","mmu04015","Rap1 signaling pathway - Mus musculus (house mouse)","73/2591","214/9787",0.341121495327103,1.28852029130311,2.560648423906,0.00754096571738051,0.0223583018638124,0.0130905037383891,"227377/54354/23797/13800/107746/56508/12388/18798/18803/58220/14683/18706/14173/18645/13638/99470/109905/12977/21894/110351/18762/16542/18590/11461/19353/14254/17295/109880/14924/110157/16653/12315/11652/15461/16337/11601/80857/18709/11513/14681/93742/16412/14678/11848/12387/67112/26396/16000/215449/13649/18643/16399/18750/170758/104111/12313/14026/11651/18708/11600/29857/11512/11515/224129/16415/17356/22339/75292/12314/14164/12978/22340/80903",73
"Organismal Systems","Environmental adaptation","mmu04710","Circadian rhythm - Mus musculus (house mouse)","16/2591","34/9787",0.470588235294118,1.77755579267601,2.72516399527857,0.00781788717609107,0.0229777901349459,0.0134532063075984,"12912/241113/18627/19885/108079/12753/26965/79362/13170/21402/217166/104318/213311/353187/50789/27373",16
"Human Diseases","Cardiovascular disease","mmu05412","Arrhythmogenic right ventricular cardiomyopathy - Mus musculus (house mouse)","33/2591","86/9787",0.383720930232558,1.44943139490006,2.51185817681089,0.0102130102055514,0.0297585987023826,0.0174232841982184,"13346/12296/12298/16401/16905/12293/24051/11938/11461/21415/12288/16651/11937/16412/13138/12387/16773/14609/16404/16480/16399/20191/11472/109620/12294/12289/16419/20541/12558/13511/12385/21416/13405",33
"Genetic Information Processing","Translation","mmu03013","Nucleocytoplasmic transport - Mus musculus (house mouse)","43/2591","118/9787",0.364406779661017,1.3764759369133,2.46875607221556,0.010630613121926,0.0306777691985542,0.0179614469303276,"108989/56009/326622/227699/227720/110750/13628/16649/433702/51796/67878/269113/19384/107939/320938/110379/233726/67031/19704/212999/13680/234865/13627/19386/73192/19069/16211/192160/445007/18949/56215/16648/65246/70572/19387/68092/16646/386612/22196/53817/225160/56698/331401",43
"Human Diseases","Infectious disease: viral","mmu05163","Human cytomegalovirus infection - Mus musculus (house mouse)","84/2591","254/9787",0.330708661417323,1.24918783067979,2.41445783786684,0.0107099904302645,0.0306777691985542,0.0179614469303276,"12912/23797/64930/14827/12010/18798/14683/18706/14696/16194/19055/14707/12913/16451/12371/14688/19744/14673/19353/13063/16438/110157/20315/21937/16653/16439/12315/11652/75547/15461/14082/12443/18709/19216/18747/12317/11513/14681/20312/18021/69632/14678/11848/12387/208677/26396/12567/13649/72508/14710/20848/18750/170758/104111/19878/12313/11651/19766/18708/19056/19057/11911/29857/11512/11515/224129/56637/22084/12018/21356/14972/21354/12915/14964/15015/15007/15042/15040/22339/12314/19877/58988/19697/14704",84
"Human Diseases","Cardiovascular disease","mmu05417","Lipid and atherosclerosis - Mus musculus (house mouse)","73/2591","217/9787",0.336405529953917,1.27070664672288,2.4197112972329,0.0108152343498594,0.0307189009264914,0.0179855290382448,"15510/56489/20344/226641/23797/20181/14828/18024/18798/12048/18803/18706/109905/19055/17096/11303/16476/13109/12371/76580/12491/18127/19353/13063/16438/21937/16653/12315/11652/15461/54123/18709/18021/16835/117149/15481/11806/11808/11848/68652/26408/22027/215449/13198/22433/26420/15525/20848/18750/238055/19878/13665/12313/15519/11651/18708/19056/21933/19057/11911/29857/266632/56637/20656/20182/15482/15516/12314/12322/19697/12015/22359/237038",73
"Genetic Information Processing","Folding, sorting and degradation","mmu04120","Ubiquitin mediated proteolysis - Mus musculus (house mouse)","54/2591","154/9787",0.350649350649351,1.32450991694527,2.43555694660897,0.0109904721093026,0.0309564964412022,0.0181246382153411,"26554/14897/67921/107986/68612/70093/66105/107568/67615/68098/73318/231672/56317/59008/22190/22214/26965/22192/22215/99375/20437/50868/140630/75717/109161/235439/17999/69010/69288/216080/216150/67030/78294/22210/21402/22187/67128/217232/66313/66156/22194/70790/17237/66053/22196/56424/52563/83814/74126/13194/22201/72584/11798/59026",54
"Human Diseases","Cancer: specific types","mmu05214","Glioma - Mus musculus (house mouse)","29/2591","74/9787",0.391891891891892,1.48029561788728,2.48850503972192,0.0112011653731699,0.0312892057531523,0.0183194353210608,"23797/107986/271849/18803/18706/20416/18590/109880/13197/52163/110157/16653/12315/11652/15461/12443/18709/26396/16000/12567/13649/18750/12313/11651/23882/18708/12018/12314/12322",29
"Organismal Systems","Endocrine system","mmu04928","Parathyroid hormone synthesis, secretion and action - Mus musculus (house mouse)","42/2591","116/9787",0.362068965517241,1.36764529738219,2.39008338612117,0.0129425070538405,0.0358571097065418,0.0209938854712858,"12912/20181/53416/18798/17391/16658/14683/17261/12913/14673/109880/16438/110157/232341/16439/17258/75547/16478/110385/18747/11513/17388/18577/14678/11848/108737/208677/17938/13649/69847/18750/26941/104111/75607/238871/11911/11512/11515/224129/20182/12915/279561",42
"Environmental Information Processing","Signal transduction","mmu04350","TGF-beta signaling pathway - Mus musculus (house mouse)","40/2591","110/9787",0.363636363636364,1.37356583979509,2.3641980938553,0.0139170087978246,0.0382434875907701,0.0223910796233721,"12168/21808/11480/14118/228839/13559/69585/230597/433759/50765/26965/84506/13732/19053/73699/20466/18007/17127/22041/71775/11848/21813/15182/18119/13179/16326/16325/19052/21402/20185/72508/66313/15902/12161/328572/11479/12914/19877/17131/58988",40
"Organismal Systems","Endocrine system","mmu04927","Cortisol synthesis and secretion - Mus musculus (house mouse)","28/2591","72/9787",0.388888888888889,1.46895235644753,2.39642754665478,0.0140710037808327,0.0383548328864632,0.0224562708896141,"12912/18798/14683/320024/15496/15494/12913/16527/16438/12288/16439/18584/20845/18747/11513/11606/16835/208677/12291/104111/218461/12289/11911/11512/11515/224129/12915/13074",28
"Human Diseases","Infectious disease: viral","mmu05167","Kaposi sarcoma-associated herpesvirus infection - Mus musculus (house mouse)","74/2591","223/9787",0.331838565022422,1.25345582241391,2.29734201363859,0.0145804886787416,0.0392989956802649,0.0230090662967605,"12912/17164/56489/23797/66734/18803/18706/14696/14173/19055/14707/17096/16476/16451/12371/14688/22190/19353/13063/21415/16438/110157/21937/16653/16439/12315/11652/22695/15461/54123/14082/12443/11601/18709/18021/67443/12387/26396/12567/20847/78294/26420/22187/14710/20848/56208/15251/12313/11651/18708/16195/19056/16391/19057/328572/29857/12914/56637/67841/15975/54720/12018/14972/14964/15015/15007/15042/15040/22339/12266/12314/19697/14704/21416",74
"Metabolism","Carbohydrate metabolism","mmu00051","Fructose and mannose metabolism - Mus musculus (house mouse)","16/2591","36/9787",0.444444444444444,1.67880269308289,2.44827931711121,0.0149207913232872,0.0392989956802649,0.0230090662967605,"18640/20322/230163/16548/15277/21991/11674/234730/331026/15275/56421/14121/18642/54128/225913/18639",16
"Metabolism","Lipid metabolism","mmu00561","Glycerolipid metabolism - Mus musculus (house mouse)","25/2591","63/9787",0.396825396825397,1.49893097596687,2.38385042640781,0.0149485458392811,0.0392989956802649,0.0230090662967605,"227333/56752/67512/67916/231510/110524/11669/23945/67800/233549/66853/16956/15450/235582/28169/56077/14245/218121/19012/13350/110197/64898/110695/225913/14732",25
"Environmental Information Processing","Signal transduction","mmu04330","Notch signaling pathway - Mus musculus (house mouse)","25/2591","63/9787",0.396825396825397,1.49893097596687,2.38385042640781,0.0149485458392811,0.0392989956802649,0.0230090662967605,"59287/19165/18128/66935/226548/433759/56381/13542/13016/20602/15182/114606/103806/13543/11491/18222/66354/20238/328572/12914/13544/209200/18131/18519/207521",25
"Human Diseases","Infectious disease: viral","mmu05166","Human T-cell leukemia virus 1 infection - Mus musculus (house mouse)","81/2591","247/9787",0.327935222672065,1.23871170370185,2.28002041969513,0.0149987291205745,0.0392989956802649,0.0230090662967605,"12912/23797/21808/16184/16169/12010/12048/18706/12428/110196/19055/12448/21894/12913/16476/16451/56317/59008/19384/17000/21937/12444/16653/11652/22695/15461/12443/11739/18709/18747/12317/11513/18021/18186/17127/69010/21813/237336/208677/26396/12567/26420/12330/22333/56310/20851/217232/66156/104111/11651/18708/19056/22334/19057/11911/328572/11512/12914/11515/19385/13383/224129/16415/21374/14972/12915/14964/15015/15007/15042/15040/20807/12445/18519/52563/14283/81601/19697/18034/11740/11798",81
"Organismal Systems","Excretory system","mmu04964","Proximal tubule bicarbonate reclamation - Mus musculus (house mouse)","11/2591","22/9787",0.5,1.88865302971826,2.50379159580428,0.0154194649805245,0.0400906089493637,0.0234725458812843,"14660/11931/98660/18534/11928/54403/76257/216456/17449/27376/14661",11
"Human Diseases","Cancer: overview","mmu05231","Choline metabolism in cancer - Mus musculus (house mouse)","36/2591","98/9787",0.36734693877551,1.38758181775219,2.31380998015961,0.0160378739717479,0.041380163377487,0.0242275637339382,"227333/23797/64930/74182/18803/18706/16476/67916/19744/110524/18590/19353/110157/16653/11652/15461/18709/26396/212862/13649/26420/72508/56077/18750/170758/15251/11651/18708/19012/12651/110197/13026/20519/20517/22084/58988",36
"Human Diseases","Cancer: specific types","mmu05221","Acute myeloid leukemia - Mus musculus (house mouse)","27/2591","70/9787",0.385714285714286,1.4569609086398,2.30225117260065,0.017644714485122,0.0451811628482669,0.0264530009824795,"18627/23797/18706/12428/109880/21415/110157/16653/11652/12606/15461/12443/18709/235320/26396/72508/16480/20851/20848/11651/18708/18712/12978/58988/19697/12015/21416",27
"Organismal Systems","Nervous system","mmu04720","Long-term potentiation - Mus musculus (house mouse)","26/2591","67/9787",0.388059701492537,1.46582026187088,2.29569072157996,0.0180837846402149,0.0459572872811476,0.0269074120487566,"18798/109905/19055/19046/109880/16438/110157/12288/16653/16439/12315/14814/15461/18747/26396/215449/18750/12313/19056/19057/11911/328572/12914/12314/12322/19045",26
"Metabolism","Carbohydrate metabolism","mmu00030","Pentose phosphate pathway - Mus musculus (house mouse)","15/2591","34/9787",0.441176470588235,1.66645855563375,2.335792334474,0.0195719599975001,0.0493680782026495,0.0289043871133544,"66646/230163/72157/100198/14751/11674/21351/66171/235582/56421/14121/21881/18642/19733/14381",15
"Human Diseases","Cancer: specific types","mmu05216","Thyroid cancer - Mus musculus (house mouse)","16/2591","37/9787",0.432432432432432,1.6334296473239,2.31626196356209,0.0199650783835738,0.0499866406936885,0.0292665476499951,"108989/20181/107986/109880/13197/21415/16653/15461/12443/12387/26396/23882/27057/12018/20182/21416",16
